run,n_trades,final_equity,total_return,sharpe,max_dd,profit_factor,win_rate,avg_pnl,regime_halts,phaseb_skips,phaseb_sizing_logs,size_mult_mean,size_mult_var,clip_rate_total,score_pnl_spearman,method,alpha,k,min_mult,max_mult,score
fine_linear,24,110547.59334230844,0.10547593342308435,1.5852766790058304,-0.07288330314923015,2.080074614175043,0.375,439.4830559295178,9,0,16,1.0092464240334065,7.161511960066118e-07,0.0,0.24303172770082207,linear_z,1.0,0.3,0.7,1.3,110702.47684505155
fine_linear,24,110547.59334230844,0.10547593342308435,1.5852766790058304,-0.07288330314923015,2.080074614175043,0.375,439.4830559295178,9,0,16,1.0092464240334065,7.161511960066118e-07,0.0,0.24303172770082207,linear_z,1.0,0.3,0.68,1.32,110702.47684505155
fine_linear,24,110547.59334230844,0.10547593342308435,1.5852766790058304,-0.07288330314923015,2.080074614175043,0.375,439.4830559295178,9,0,16,1.0092464240334065,7.161511960066118e-07,0.0,0.24303172770082207,linear_z,1.0,0.3,0.65,1.35,110702.47684505155
fine_linear,24,110547.59334230844,0.10547593342308435,1.5852766790058304,-0.07288330314923015,2.080074614175043,0.375,439.4830559295178,9,0,16,1.0092464240334065,7.161511960066118e-07,0.0,0.24303172770082207,linear_z,1.0,0.3,0.8,1.2,110702.47684505155
fine_linear,24,110543.78395518671,0.10543783955186707,1.5852180494010635,-0.07286188905983376,2.0800051883205124,0.375,439.3243314661113,9,0,16,1.0089382098989594,6.692035064906486e-07,0.0,0.24303172770082207,linear_z,1.0,0.29,0.7,1.3,110698.66266567382
fine_linear,24,110543.78395518671,0.10543783955186707,1.5852180494010635,-0.07286188905983376,2.0800051883205124,0.375,439.3243314661113,9,0,16,1.0089382098989594,6.692035064906486e-07,0.0,0.24303172770082207,linear_z,1.0,0.29,0.68,1.32,110698.66266567382
fine_linear,24,110543.78395518671,0.10543783955186707,1.5852180494010635,-0.07286188905983376,2.0800051883205124,0.375,439.3243314661113,9,0,16,1.0089382098989594,6.692035064906486e-07,0.0,0.24303172770082207,linear_z,1.0,0.29,0.65,1.35,110698.66266567382
fine_linear,24,110543.78395518671,0.10543783955186707,1.5852180494010635,-0.07286188905983376,2.0800051883205124,0.375,439.3243314661113,9,0,16,1.0089382098989594,6.692035064906486e-07,0.0,0.24303172770082207,linear_z,1.0,0.29,0.8,1.2,110698.66266567382
fine_linear,24,110539.95302294538,0.10539953022945381,1.5851585994849202,-0.07284049373033075,2.0799338420142415,0.375,439.1647092893914,9,0,16,1.0086299957645126,6.238472640768313e-07,0.0,0.24303172770082207,linear_z,1.0,0.28,0.7,1.3,110694.82685820735
fine_linear,24,110539.95302294538,0.10539953022945381,1.5851585994849202,-0.07284049373033075,2.0799338420142415,0.375,439.1647092893914,9,0,16,1.0086299957645126,6.238472640768313e-07,0.0,0.24303172770082207,linear_z,1.0,0.28,0.68,1.32,110694.82685820735
fine_linear,24,110539.95302294538,0.10539953022945381,1.5851585994849202,-0.07284049373033075,2.0799338420142415,0.375,439.1647092893914,9,0,16,1.0086299957645126,6.238472640768313e-07,0.0,0.24303172770082207,linear_z,1.0,0.28,0.65,1.35,110694.82685820735
fine_linear,24,110539.95302294538,0.10539953022945381,1.5851585994849202,-0.07284049373033075,2.0799338420142415,0.375,439.1647092893914,9,0,16,1.0086299957645126,6.238472640768313e-07,0.0,0.24303172770082207,linear_z,1.0,0.28,0.8,1.2,110694.82685820735
fine_linear,24,110536.13418661708,0.10536134186617084,1.5850982206666329,-0.07281934516405017,2.079861160483183,0.375,439.00559110904516,9,0,16,1.0083217816300658,5.800824687653927e-07,0.0,0.24303172770082207,linear_z,1.0,0.27,0.7,1.3,110691.00304142555
fine_linear,24,110536.13418661708,0.10536134186617084,1.5850982206666329,-0.07281934516405017,2.079861160483183,0.375,439.00559110904516,9,0,16,1.0083217816300658,5.800824687653927e-07,0.0,0.24303172770082207,linear_z,1.0,0.27,0.68,1.32,110691.00304142555
fine_linear,24,110536.13418661708,0.10536134186617084,1.5850982206666329,-0.07281934516405017,2.079861160483183,0.375,439.00559110904516,9,0,16,1.0083217816300658,5.800824687653927e-07,0.0,0.24303172770082207,linear_z,1.0,0.27,0.65,1.35,110691.00304142555
fine_linear,24,110536.13418661708,0.10536134186617084,1.5850982206666329,-0.07281934516405017,2.079861160483183,0.375,439.00559110904516,9,0,16,1.0083217816300658,5.800824687653927e-07,0.0,0.24303172770082207,linear_z,1.0,0.27,0.8,1.2,110691.00304142555
fine_linear,24,110532.31281600875,0.10532312816008751,1.5850408940696257,-0.07279791751383724,2.0797916448751064,0.375,438.8463673336987,9,0,16,1.008013567495619,5.379091205560457e-07,0.0,0.24303172770082207,linear_z,1.0,0.26,0.7,1.3,110687.17700954003
fine_linear,24,110532.31281600875,0.10532312816008751,1.5850408940696257,-0.07279791751383724,2.0797916448751064,0.375,438.8463673336987,9,0,16,1.008013567495619,5.379091205560457e-07,0.0,0.24303172770082207,linear_z,1.0,0.26,0.68,1.32,110687.17700954003
fine_linear,24,110532.31281600875,0.10532312816008751,1.5850408940696257,-0.07279791751383724,2.0797916448751064,0.375,438.8463673336987,9,0,16,1.008013567495619,5.379091205560457e-07,0.0,0.24303172770082207,linear_z,1.0,0.26,0.65,1.35,110687.17700954003
fine_linear,24,110532.31281600875,0.10532312816008751,1.5850408940696257,-0.07279791751383724,2.0797916448751064,0.375,438.8463673336987,9,0,16,1.008013567495619,5.379091205560457e-07,0.0,0.24303172770082207,linear_z,1.0,0.26,0.8,1.2,110687.17700954003
fine_linear,24,110528.49050489448,0.10528490504894478,1.5849817023521469,-0.07277650444518176,2.0797205915442887,0.375,438.687104370605,9,0,16,1.007705353361172,4.973272194489917e-07,0.0,0.24303172770082207,linear_z,1.0,0.25,0.7,1.3,110683.34984990743
fine_linear,24,110528.49050489448,0.10528490504894478,1.5849817023521469,-0.07277650444518176,2.0797205915442887,0.375,438.687104370605,9,0,16,1.007705353361172,4.973272194489917e-07,0.0,0.24303172770082207,linear_z,1.0,0.25,0.68,1.32,110683.34984990743
fine_linear,24,110528.49050489448,0.10528490504894478,1.5849817023521469,-0.07277650444518176,2.0797205915442887,0.375,438.687104370605,9,0,16,1.007705353361172,4.973272194489917e-07,0.0,0.24303172770082207,linear_z,1.0,0.25,0.65,1.35,110683.34984990743
fine_linear,24,110528.49050489448,0.10528490504894478,1.5849817023521469,-0.07277650444518176,2.0797205915442887,0.375,438.687104370605,9,0,16,1.007705353361172,4.973272194489917e-07,0.0,0.24303172770082207,linear_z,1.0,0.25,0.8,1.2,110683.34984990743
fine_linear,24,110524.7153726003,0.10524715372600302,1.5849287453831218,-0.07275492572930174,2.0796571059087903,0.375,438.5298071916779,9,0,16,1.0073971392267251,4.583367654442313e-07,0.0,0.24303172770082207,linear_z,1.0,0.24,0.7,1.3,110679.57050085215
fine_linear,24,110524.7153726003,0.10524715372600302,1.5849287453831218,-0.07275492572930174,2.0796571059087903,0.375,438.5298071916779,9,0,16,1.0073971392267251,4.583367654442313e-07,0.0,0.24303172770082207,linear_z,1.0,0.24,0.68,1.32,110679.57050085215
fine_linear,24,110524.7153726003,0.10524715372600302,1.5849287453831218,-0.07275492572930174,2.0796571059087903,0.375,438.5298071916779,9,0,16,1.0073971392267251,4.583367654442313e-07,0.0,0.24303172770082207,linear_z,1.0,0.24,0.65,1.35,110679.57050085215
fine_linear,24,110524.7153726003,0.10524715372600302,1.5849287453831218,-0.07275492572930174,2.0796571059087903,0.375,438.5298071916779,9,0,16,1.0073971392267251,4.583367654442313e-07,0.0,0.24303172770082207,linear_z,1.0,0.24,0.8,1.2,110679.57050085215
fine_linear,24,110520.88612855025,0.1052088612855025,1.5848693822213824,-0.07273351260532418,2.0795859099242913,0.375,438.37025535626,9,0,16,1.007088925092278,4.2093775854165515e-07,0.0,0.24303172770082207,linear_z,1.0,0.23,0.7,1.3,110675.73639114213
fine_linear,24,110520.88612855025,0.1052088612855025,1.5848693822213824,-0.07273351260532418,2.0795859099242913,0.375,438.37025535626,9,0,16,1.007088925092278,4.2093775854165515e-07,0.0,0.24303172770082207,linear_z,1.0,0.23,0.68,1.32,110675.73639114213
fine_linear,24,110520.88612855025,0.1052088612855025,1.5848693822213824,-0.07273351260532418,2.0795859099242913,0.375,438.37025535626,9,0,16,1.007088925092278,4.2093775854165515e-07,0.0,0.24303172770082207,linear_z,1.0,0.23,0.65,1.35,110675.73639114213
fine_linear,24,110520.88612855025,0.1052088612855025,1.5848693822213824,-0.07273351260532418,2.0795859099242913,0.375,438.37025535626,9,0,16,1.007088925092278,4.2093775854165515e-07,0.0,0.24303172770082207,linear_z,1.0,0.23,0.8,1.2,110675.73639114213
fine_linear,24,110517.03872831752,0.10517038728317522,1.5848073784903411,-0.0727122593835622,2.0795106730279485,0.375,438.2099470132314,9,0,16,1.0067807109578315,3.851301987413544e-07,0.0,0.24303172770082207,linear_z,1.0,0.22,0.7,1.3,110671.88385319737
fine_linear,24,110517.03872831752,0.10517038728317522,1.5848073784903411,-0.0727122593835622,2.0795106730279485,0.375,438.2099470132314,9,0,16,1.0067807109578315,3.851301987413544e-07,0.0,0.24303172770082207,linear_z,1.0,0.22,0.68,1.32,110671.88385319737
fine_linear,24,110517.03872831752,0.10517038728317522,1.5848073784903411,-0.0727122593835622,2.0795106730279485,0.375,438.2099470132314,9,0,16,1.0067807109578315,3.851301987413544e-07,0.0,0.24303172770082207,linear_z,1.0,0.22,0.65,1.35,110671.88385319737
fine_linear,24,110517.03872831752,0.10517038728317522,1.5848073784903411,-0.0727122593835622,2.0795106730279485,0.375,438.2099470132314,9,0,16,1.0067807109578315,3.851301987413544e-07,0.0,0.24303172770082207,linear_z,1.0,0.22,0.8,1.2,110671.88385319737
fine_linear,24,110513.25190251284,0.10513251902512842,1.584751656211819,-0.07269075352608384,2.0794432836904946,0.375,438.0521626047013,9,0,16,1.0064724968233845,3.509140860432243e-07,0.0,0.24303172770082207,linear_z,1.0,0.21,0.7,1.3,110668.09253045772
fine_linear,24,110513.25190251284,0.10513251902512842,1.584751656211819,-0.07269075352608384,2.0794432836904946,0.375,438.0521626047013,9,0,16,1.0064724968233845,3.509140860432243e-07,0.0,0.24303172770082207,linear_z,1.0,0.21,0.68,1.32,110668.09253045772
fine_linear,24,110513.25190251284,0.10513251902512842,1.584751656211819,-0.07269075352608384,2.0794432836904946,0.375,438.0521626047013,9,0,16,1.0064724968233845,3.509140860432243e-07,0.0,0.24303172770082207,linear_z,1.0,0.21,0.65,1.35,110668.09253045772
fine_linear,24,110513.25190251284,0.10513251902512842,1.584751656211819,-0.07269075352608384,2.0794432836904946,0.375,438.0521626047013,9,0,16,1.0064724968233845,3.509140860432243e-07,0.0,0.24303172770082207,linear_z,1.0,0.21,0.8,1.2,110668.09253045772
fine_linear,24,110509.42596281692,0.10509425962816923,1.5846920846737815,-0.07266945525745931,2.0793725334137094,0.375,437.89274845070275,9,0,16,1.0061642826889377,3.182894204473551e-07,0.0,0.24303172770082207,linear_z,1.0,0.2,0.7,1.3,110664.26169852143
fine_linear,24,110509.42596281692,0.10509425962816923,1.5846920846737815,-0.07266945525745931,2.0793725334137094,0.375,437.89274845070275,9,0,16,1.0061642826889377,3.182894204473551e-07,0.0,0.24303172770082207,linear_z,1.0,0.2,0.68,1.32,110664.26169852143
fine_linear,24,110509.42596281692,0.10509425962816923,1.5846920846737815,-0.07266945525745931,2.0793725334137094,0.375,437.89274845070275,9,0,16,1.0061642826889377,3.182894204473551e-07,0.0,0.24303172770082207,linear_z,1.0,0.2,0.65,1.35,110664.26169852143
fine_linear,24,110509.42596281692,0.10509425962816923,1.5846920846737815,-0.07266945525745931,2.0793725334137094,0.375,437.89274845070275,9,0,16,1.0061642826889377,3.182894204473551e-07,0.0,0.24303172770082207,linear_z,1.0,0.2,0.8,1.2,110664.26169852143
fine_linear,24,110505.63708332552,0.10505637083325521,1.5846358325503722,-0.07264796909159495,2.079304624017182,0.375,437.73487847189654,9,0,16,1.0058560685544908,2.872562019537736e-07,0.0,0.24303172770082207,linear_z,1.0,0.19,0.7,1.3,110660.46826812599
fine_linear,24,110505.63708332552,0.10505637083325521,1.5846358325503722,-0.07264796909159495,2.079304624017182,0.375,437.73487847189654,9,0,16,1.0058560685544908,2.872562019537736e-07,0.0,0.24303172770082207,linear_z,1.0,0.19,0.68,1.32,110660.46826812599
fine_linear,24,110505.63708332552,0.10505637083325521,1.5846358325503722,-0.07264796909159495,2.079304624017182,0.375,437.73487847189654,9,0,16,1.0058560685544908,2.872562019537736e-07,0.0,0.24303172770082207,linear_z,1.0,0.19,0.65,1.35,110660.46826812599
fine_linear,24,110505.63708332552,0.10505637083325521,1.5846358325503722,-0.07264796909159495,2.079304624017182,0.375,437.73487847189654,9,0,16,1.0058560685544908,2.872562019537736e-07,0.0,0.24303172770082207,linear_z,1.0,0.19,0.8,1.2,110660.46826812599
fine_linear,24,110501.77517979754,0.10501775179797536,1.5845716540802264,-0.07262687717184065,2.0792279758320453,0.375,437.5739658248967,9,0,16,1.0055478544200438,2.5781443056237575e-07,0.0,0.24303172770082207,linear_z,1.0,0.18,0.7,1.3,110656.60100134696
fine_linear,24,110501.77517979754,0.10501775179797536,1.5845716540802264,-0.07262687717184065,2.0792279758320453,0.375,437.5739658248967,9,0,16,1.0055478544200438,2.5781443056237575e-07,0.0,0.24303172770082207,linear_z,1.0,0.18,0.68,1.32,110656.60100134696
fine_linear,24,110501.77517979754,0.10501775179797536,1.5845716540802264,-0.07262687717184065,2.0792279758320453,0.375,437.5739658248967,9,0,16,1.0055478544200438,2.5781443056237575e-07,0.0,0.24303172770082207,linear_z,1.0,0.18,0.65,1.35,110656.60100134696
fine_linear,24,110501.77517979754,0.10501775179797536,1.5845716540802264,-0.07262687717184065,2.0792279758320453,0.375,437.5739658248967,9,0,16,1.0055478544200438,2.5781443056237575e-07,0.0,0.24303172770082207,linear_z,1.0,0.18,0.8,1.2,110656.60100134696
