time,symbol,side,phaseA_score,phaseB_score,threshold,reason
2025-09-10 06:00:00+00:00,AVAXUSDT,LONG,-0.2197590594181469,0.032256991939257615,0.05,topk_long_below_min
2025-09-10 12:00:00+00:00,AVAXUSDT,LONG,-0.6669848229343012,0.04351589121364172,0.05,topk_long_below_min
2025-09-12 00:00:00+00:00,SOLUSDT,LONG,-0.18029773309994038,0.030866240179633988,0.05,topk_long_below_min
2025-09-12 04:00:00+00:00,SOLUSDT,LONG,-0.23584250367220522,0.033383373613152856,0.05,topk_long_below_min
2025-09-12 16:00:00+00:00,DOGEUSDT,LONG,-0.23929734930132263,0.034639435072384234,0.05,topk_long_below_min
2025-09-12 22:00:00+00:00,DOGEUSDT,LONG,-0.10674479656811042,0.035826297794252684,0.05,topk_long_below_min
2025-09-13 04:00:00+00:00,DOGEUSDT,LONG,-0.17761735930371228,0.03259995504348696,0.05,topk_long_below_min
2025-09-13 09:00:00+00:00,DOGEUSDT,LONG,-0.3615954798836817,0.04778681513011431,0.05,topk_long_below_min
2025-09-18 17:00:00+00:00,AVAXUSDT,LONG,0.042139937487694984,0.04539552419159439,0.05,topk_long_below_min
2025-09-18 18:00:00+00:00,AVAXUSDT,LONG,0.019949835329320348,0.046860017848127745,0.05,topk_long_below_min
2025-09-21 00:00:00+00:00,BNBUSDT,LONG,-0.7604648726659293,0.03341405148285706,0.05,topk_long_below_min
2025-09-21 01:00:00+00:00,BNBUSDT,LONG,-0.9481985075055233,0.03382259036958117,0.05,topk_long_below_min
2025-10-01 22:00:00+00:00,LTCUSDT,LONG,-0.1877232234456634,0.032847835012894795,0.05,topk_long_below_min
2025-10-02 00:00:00+00:00,LTCUSDT,LONG,-0.40994309050687955,0.040066055804396546,0.05,topk_long_below_min
2025-10-02 01:00:00+00:00,LTCUSDT,LONG,-0.6040230927108725,0.0437414255289859,0.05,topk_long_below_min
2025-10-02 02:00:00+00:00,DOGEUSDT,LONG,-0.022447890068112708,0.038837832762120134,0.05,topk_long_below_min
2025-10-02 16:00:00+00:00,XRPUSDT,LONG,-0.21051383676037355,0.032947755820057156,0.05,topk_long_below_min
2025-10-02 18:00:00+00:00,SOLUSDT,LONG,0.047396430910100124,0.0316759243738845,0.05,topk_long_below_min
2025-10-02 19:00:00+00:00,XRPUSDT,LONG,-0.14544310687405135,0.033424471963874554,0.05,topk_long_below_min
2025-10-03 03:00:00+00:00,BNBUSDT,LONG,-0.12847278099600923,0.02913134206413143,0.05,topk_long_below_min
2025-10-03 13:00:00+00:00,BNBUSDT,LONG,-0.4248698969659496,0.03199022023673505,0.05,topk_long_below_min
2025-10-06 12:00:00+00:00,BNBUSDT,LONG,-0.08521414209593606,0.02999547741005998,0.05,topk_long_below_min
2025-10-06 18:00:00+00:00,POLUSDT,LONG,-0.4829710853870266,0.04096978620506541,0.05,topk_long_below_min
2025-10-07 05:00:00+00:00,BNBUSDT,LONG,-0.1034394407877221,0.029860136718355256,0.05,topk_long_below_min
2025-10-07 09:00:00+00:00,BNBUSDT,LONG,-0.45777151316682424,0.031793253459679774,0.05,topk_long_below_min
2025-10-16 19:00:00+00:00,SOLUSDT,SHORT,-0.03215367159039559,0.06280813728144424,0.05,bottomk_short_above_max
2025-10-27 11:00:00+00:00,BNBUSDT,LONG,0.047135599654282004,0.029498909324842063,0.05,topk_long_below_min
2025-11-10 00:00:00+00:00,XRPUSDT,LONG,0.08438498496101837,0.04492032895536827,0.05,topk_long_below_min
2025-11-10 03:00:00+00:00,XRPUSDT,LONG,0.06665041502134608,0.04270754212771797,0.05,topk_long_below_min
2025-11-10 09:00:00+00:00,XRPUSDT,LONG,0.17004573931663072,0.03363088852107088,0.05,topk_long_below_min
2025-12-03 01:00:00+00:00,LINKUSDT,LONG,-0.03400670517076754,0.04393379922099691,0.05,topk_long_below_min
2025-12-03 02:00:00+00:00,LINKUSDT,LONG,-0.07822703157626429,0.04643777994112436,0.05,topk_long_below_min
2025-12-03 04:00:00+00:00,DOGEUSDT,LONG,0.14746298194429902,0.03731172487721897,0.05,topk_long_below_min
2025-12-03 04:00:00+00:00,SOLUSDT,LONG,0.09398988510841198,0.0337649102352457,0.05,topk_long_below_min
2025-12-03 04:00:00+00:00,LINKUSDT,LONG,-0.10240273274909772,0.046714835293613644,0.05,topk_long_below_min
2025-12-03 05:00:00+00:00,DOGEUSDT,LONG,0.15014387398106227,0.036037534191947954,0.05,topk_long_below_min
2025-12-03 21:00:00+00:00,SOLUSDT,LONG,-0.22439920570264402,0.03105123803676878,0.05,topk_long_below_min
2025-12-03 21:00:00+00:00,AVAXUSDT,LONG,-0.32458412219290855,0.034025339316977724,0.05,topk_long_below_min
2025-12-03 22:00:00+00:00,ETHUSDT,LONG,-0.15251465081736493,0.030029332290281468,0.05,topk_long_below_min
2026-01-01 22:00:00+00:00,POLUSDT,LONG,-0.27144859035446106,0.043563213827007945,0.05,topk_long_below_min
2026-01-02 09:00:00+00:00,LINKUSDT,LONG,-0.21585436955543072,0.03408315392126338,0.05,topk_long_below_min
2026-01-02 09:00:00+00:00,POLUSDT,LONG,-0.43715671127067024,0.0353493538147207,0.05,topk_long_below_min
2026-01-02 09:00:00+00:00,DOGEUSDT,LONG,-0.6480533429468853,0.041523843393398305,0.05,topk_long_below_min
2026-01-02 16:00:00+00:00,ETHUSDT,LONG,-0.5502339178840736,0.03438095080470196,0.05,topk_long_below_min
2026-01-02 16:00:00+00:00,LINKUSDT,LONG,-0.70221663711114,0.034086780510226226,0.05,topk_long_below_min
2026-01-02 16:00:00+00:00,XRPUSDT,LONG,-0.8720986187782398,0.03876643763343991,0.05,topk_long_below_min
2026-01-03 03:00:00+00:00,POLUSDT,LONG,-0.2384690681662525,0.03471185044862398,0.05,topk_long_below_min
2026-01-03 03:00:00+00:00,AVAXUSDT,LONG,-0.4538651025486605,0.035219453941011794,0.05,topk_long_below_min
2026-01-04 00:00:00+00:00,DOGEUSDT,LONG,-0.01945601279792758,0.031633790726434984,0.05,topk_long_below_min
2026-01-04 03:00:00+00:00,DOGEUSDT,LONG,-0.20157661361639823,0.040426157626902506,0.05,topk_long_below_min
2026-01-04 16:00:00+00:00,POLUSDT,LONG,-0.12412642167739577,0.03466830299239826,0.05,topk_long_below_min
2026-01-05 01:00:00+00:00,XRPUSDT,LONG,-0.41235624733967324,0.033073456007518216,0.05,topk_long_below_min
2026-01-05 16:00:00+00:00,XRPUSDT,LONG,-0.3640028857383596,0.032986400435858765,0.05,topk_long_below_min
2026-01-05 18:00:00+00:00,XRPUSDT,LONG,-0.6922859915320552,0.03849315900328991,0.05,topk_long_below_min
2026-01-06 14:00:00+00:00,POLUSDT,LONG,-0.14237296604850067,0.03285597400726796,0.05,topk_long_below_min
2026-01-25 16:00:00+00:00,DOGEUSDT,SHORT,0.18627021764697083,0.0325629798739639,0.0,atr_pct_too_low
2026-01-29 14:00:00+00:00,ETHUSDT,SHORT,0.18629992900207634,0.029128105533160652,0.0,atr_pct_too_low
2026-02-04 14:00:00+00:00,SOLUSDT,SHORT,0.00822706694902614,0.052435184610113254,0.05,bottomk_short_above_max
2026-02-05 01:00:00+00:00,XRPUSDT,SHORT,-0.27431444401472393,0.05126816683459115,0.05,bottomk_short_above_max
